{"cameraMode":{"drawMode":0,"name":"Shaded","section":"Shading Mode"},"sceneLighting":true,"audioPlay":false,"sceneViewState":{"showFog":true,"showMaterialUpdate":false,"showSkybox":true,"showFlares":true,"showImageEffects":true,"showParticleSystems":true},"in2DMode":false,"pivot":{"x":-20.97823143005371,"y":53.624664306640628,"z":306.73162841796877},"rotation":{"x":-0.11586995422840119,"y":-0.8796135783195496,"z":0.2752891778945923,"w":-0.3702297806739807},"size":92.8129653930664,"orthographic":false}