{"cameraMode":{"drawMode":0,"name":"Shaded","section":"Shading Mode"},"sceneLighting":true,"audioPlay":false,"sceneViewState":{"showFog":true,"showMaterialUpdate":false,"showSkybox":true,"showFlares":true,"showImageEffects":true,"showParticleSystems":true},"in2DMode":false,"pivot":{"x":0.8135446906089783,"y":0.19475676119327546,"z":-0.2491551786661148},"rotation":{"x":0.09419193118810654,"y":-0.8828942775726318,"z":0.20096753537654878,"w":0.41380876302719118},"size":10.788239479064942,"orthographic":false}