{"cameraMode":{"drawMode":0,"name":"Shaded","section":"Shading Mode"},"sceneLighting":true,"audioPlay":false,"sceneViewState":{"showFog":true,"showMaterialUpdate":false,"showSkybox":true,"showFlares":true,"showImageEffects":true,"showParticleSystems":true},"in2DMode":false,"pivot":{"x":3.2681686878204347,"y":-2.1061060428619386,"z":7.067143440246582},"rotation":{"x":-0.25337573885917666,"y":0.6268828511238098,"z":-0.22656621038913728,"w":-0.7010608911514282},"size":13.764548301696778,"orthographic":false}